id,title,description,created_at,order
1,Implement OAuth2,Implement OAuth2 authentication for user registration and login,2024-04-26 9:00:00,1
2,Set up JWT,Set up JSON Web Token (JWT) for secure communication between client and server,2024-04-26 10:00:00,2
3,Design Chat UI,Design the user interface for the chat feature with a modern and intuitive layout,2024-04-26 11:00:00,3
4,Develop Messaging Backend,Develop backend logic for sending and receiving messages in real-time,2024-04-26 12:00:00,4
5,Integrate WebSocket,Integrate WebSocket protocol for real-time communication between client and server,2024-04-26 13:00:00,5
6,Implement Push Notifications,Implement push notifications using Firebase Cloud Messaging (FCM) for new messages,2024-04-26 14:00:00,6
7,Handle Notification Settings,Develop functionality to allow users to manage notification settings within the app,2024-04-26 15:00:00,7
8,Test Authentication Flows,Conduct thorough testing of user authentication flows to ensure security and usability,2024-04-26 16:00:00,8
9,Test Chat Functionality,Test the chat interface and messaging functionality across various devices and network conditions,2024-04-26 17:00:00,9
10,Test Push Notifications,Test push notification delivery and handling under different scenarios,2024-04-26 18:00:00,10
11,Refactor Authentication Code,Refactor and optimize code related to user authentication for better maintainability,2024-04-27 9:00:00,11
12,Optimize Chat UI Performance,Optimize performance of the chat interface for smoother user experience,2024-04-27 10:00:00,12
13,Implement Group Chats,Implement functionality to allow users to create and participate in group chat conversations,2024-04-27 11:00:00,13
14,Develop Seen Status,Develop feature to show if a message has been seen by the recipient,2024-04-27 12:00:00,14
15,Implement Offline Messaging,Implement offline messaging capability to allow users to send messages when offline,2024-04-27 13:00:00,15
16,Test Group Chat Functionality,Conduct testing of group chat functionality with multiple users simultaneously,2024-04-27 14:00:00,16
17,Refine Notification Design,Refine the design and behavior of push notifications for better user engagement,2024-04-27 15:00:00,17
18,Optimize Authentication Flow,Optimize user authentication flow based on user feedback and performance metrics,2024-04-27 16:00:00,18
19,Implement End-to-End Encryption,Implement end-to-end encryption for secure messaging between users,2024-04-27 17:00:00,19
20,Test Encryption Implementation,Test the implementation of end-to-end encryption to ensure data security,2024-04-27 18:00:00,20
21,Prepare for Beta Testing,Prepare the app for beta testing by resolving any remaining issues and polishing the user experience,2024-04-28 9:00:00,21
22,Deploy Beta Version,Deploy the beta version of the app to selected testers for feedback and bug reporting,2024-04-28 10:00:00,22
23,Collect Beta Feedback,Collect feedback from beta testers and prioritize bug fixes and feature requests,2024-04-28 11:00:00,23
24,Refactor Chat Backend,Refactor backend code for the chat feature to improve scalability and performance,2024-04-28 12:00:00,24
25,Optimize Notification Delivery,Optimize the delivery of push notifications for faster and more reliable delivery,2024-04-28 13:00:00,25
26,Prepare for Public Launch,Prepare the app for public launch by addressing any remaining issues and finalizing marketing materials,2024-04-28 14:00:00,26
27,Launch Marketing Campaign,Launch a marketing campaign to promote the app and attract new users,2024-04-28 15:00:00,27
28,Monitor Server Performance,Monitor server performance and scale resources as needed to handle increased user traffic,2024-04-28 16:00:00,28
29,Provide Customer Support,Set up customer support channels to assist users with any issues or inquiries,2024-04-28 17:00:00,29
30,Monitor User Feedback,Monitor user feedback and make continuous improvements to the app based on user suggestions,2024-04-28 18:00:00,30